{
    "context":"wushang",
    "appEditor":{"enabled":true},
    "pages" : [
        {"url":"/index.jsp","name":"首页","pageId":"homePage","template":"pages/index_design.html","dataProcessor":"@pages/index_process.jsx","dependsOn":"header",
            "initData":[
                {"dataId":"config.levelNum","dataValue":{"name":"显示楼层","value":"1,2,3,4,5,6,7,8,9,10,ADV"},"dataSpec":{"id":"config.levelNum","type":"int"}},
                {"dataId":"config.showCategory","dataValue":{"name":"是否显示菜单","value":"F"},"dataSpec":{"id":"config.showCategory","type":"string"}},
                {"dataId":"config.title","dataValue":{"name":"网站标题","value":""},"dataSpec":{"id":"config.title","type":"string"}},
                {"dataId":"config.keywords","dataValue":{"name":"网站关键字","value":""},"dataSpec":{"id":"config.keywords","type":"string"}},
                {"dataId":"config.description","dataValue":{"name":"网站描述","value":""},"dataSpec":{"id":"config.description","type":"string"}},
                {"dataId":"config.headerCode","dataValue":{"name":"头部统计代码","value":""},"dataSpec":{"id":"config.headerCode","type":"string"}},
                {"dataId":"config.footerCode","dataValue":{"name":"尾部统计代码","value":""},"dataSpec":{"id":"config.footerCode","type":"string"}}
            ]},

        {"url":"/defaultHeader.html","name":"默认页头","pageId":"defaultHeader","template":"pages/header_design.html","dataProcessor":"@pages/header_process.jsx","dependsOn":"header",
            "initData":[
                {"dataId":"config.levelNum","dataValue":{"name":"显示楼层","value":"1,2,3,4,5,6,7,8,9"},"dataSpec":{"id":"config.levelNum","type":"int"}},
                {"dataId":"config.showCategory","dataValue":{"name":"是否显示菜单","value":"F"},"dataSpec":{"id":"config.showCategory","type":"string"}},
                {"dataId":"config.title","dataValue":{"name":"网站标题","value":""},"dataSpec":{"id":"config.title","type":"string"}},
                {"dataId":"config.keywords","dataValue":{"name":"网站关键字","value":""},"dataSpec":{"id":"config.keywords","type":"string"}},
                {"dataId":"config.description","dataValue":{"name":"网站描述","value":""},"dataSpec":{"id":"config.description","type":"string"}},
                {"dataId":"config.updateTime","dataValue":{"name":"数据更新周期(分)","value":"5"},"dataSpec":{"id":"config.updateTime","type":"string"}}
            ]},

		{"url":"/defaultHeader_New.html","name":"默认页头新","pageId":"defaultHeader_New","template":"pages/header_design_New.html","dataProcessor":"@pages/header_process.jsx","dependsOn":"header",
            "initData":[
                {"dataId":"config.levelNum","dataValue":{"name":"显示楼层","value":"1,2,3,4,5,6,7,8,9"},"dataSpec":{"id":"config.levelNum","type":"int"}},
                {"dataId":"config.showCategory","dataValue":{"name":"是否显示菜单","value":"F"},"dataSpec":{"id":"config.showCategory","type":"string"}},
                {"dataId":"config.title","dataValue":{"name":"网站标题","value":""},"dataSpec":{"id":"config.title","type":"string"}},
                {"dataId":"config.keywords","dataValue":{"name":"网站关键字","value":""},"dataSpec":{"id":"config.keywords","type":"string"}},
                {"dataId":"config.description","dataValue":{"name":"网站描述","value":""},"dataSpec":{"id":"config.description","type":"string"}},
                {"dataId":"config.updateTime","dataValue":{"name":"数据更新周期(分)","value":"5"},"dataSpec":{"id":"config.updateTime","type":"string"}}
            ]},

        {"url":"/headerTuan.html","name":"团购页头","pageId":"headerTuan","template":"pages/headerTuan_design.html","dataProcessor":"@pages/index_process.jsx","dependsOn":"header",
            "initData":[
                {"dataId":"config.levelNum","dataValue":{"name":"显示楼层","value":"1,2,3,4,5,6,7,8,9"},"dataSpec":{"id":"config.levelNum","type":"int"}},
                {"dataId":"config.showCategory","dataValue":{"name":"是否显示菜单","value":"F"},"dataSpec":{"id":"config.showCategory","type":"string"}},
                {"dataId":"config.title","dataValue":{"name":"网站标题","value":""},"dataSpec":{"id":"config.title","type":"string"}},
                {"dataId":"config.keywords","dataValue":{"name":"网站关键字","value":""},"dataSpec":{"id":"config.keywords","type":"string"}},
                {"dataId":"config.description","dataValue":{"name":"网站描述","value":""},"dataSpec":{"id":"config.description","type":"string"}},
                {"dataId":"config.updateTime","dataValue":{"name":"数据更新周期(分)","value":"5"},"dataSpec":{"id":"config.updateTime","type":"string"}}
            ]},

        {"url":"/header_kjg_design.html","name":"跨境页头","pageId":"header_kjg_design","template":"pages/header_kjg_design.html","dataProcessor":"@pages/index_process.jsx","dependsOn":"header",
            "initData":[
                {"dataId":"config.levelNum","dataValue":{"name":"显示楼层","value":"1,2,3,4,5,6,7,8,9"},"dataSpec":{"id":"config.levelNum","type":"int"}},
                {"dataId":"config.showCategory","dataValue":{"name":"是否显示菜单","value":"F"},"dataSpec":{"id":"config.showCategory","type":"string"}},
                {"dataId":"config.title","dataValue":{"name":"网站标题","value":""},"dataSpec":{"id":"config.title","type":"string"}},
                {"dataId":"config.keywords","dataValue":{"name":"网站关键字","value":""},"dataSpec":{"id":"config.keywords","type":"string"}},
                {"dataId":"config.description","dataValue":{"name":"网站描述","value":""},"dataSpec":{"id":"config.description","type":"string"}},
                {"dataId":"config.updateTime","dataValue":{"name":"数据更新周期(分)","value":"5"},"dataSpec":{"id":"config.updateTime","type":"string"}}
            ]},
        {"url":"/defaultFooter.html","name":"默认页脚","pageId":"defaultFooter","template":"pages/footer_design.html","dataProcessor":"@pages/index_process.jsx"},
        {"url":"/kjgFooter.html","name":"跨境购页脚","pageId":"kjgFooter","template":"pages/footer_kjg_design.html","dataProcessor":"@pages/index_process.jsx"},
        {"url":"/defaultHeaderTop.html","name":"默认顶通","pageId":"defaultHeaderTop","template":"pages/header_top.html","dataProcessor":"@pages/index_process.jsx","dependsOn":"header",
            "initData":[
                {"dataId":"config.topBannerH","dataValue":{"name":"顶通高度","value":"90"},"dataSpec":{"id":"config.topBannerH","type":"string"}}
            ]
        }
    ],
	
    "templates" : [
        {"template":"pages/index_design.html","name":"主页模版","description":"复杂的页面，可以作为首页，频道页等。","dataProcessor":"@pages/index_process.jsx","dependsOn":"header",
            "initData":[
                {"dataId":"config.levelNum","dataValue":{"name":"显示楼层","value":"1,2,3,4,5,6,7,8,9,10"},"dataSpec":{"id":"config.levelNum","type":"int"}},
                {"dataId":"config.showCategory","dataValue":{"name":"是否显示菜单","value":"F"},"dataSpec":{"id":"config.showCategory","type":"string"}},
                {"dataId":"config.title","dataValue":{"name":"网站标题","value":""},"dataSpec":{"id":"config.title","type":"string"}},
                {"dataId":"config.keywords","dataValue":{"name":"网站关键字","value":""},"dataSpec":{"id":"config.keywords","type":"string"}},
                {"dataId":"config.description","dataValue":{"name":"网站描述","value":""},"dataSpec":{"id":"config.description","type":"string"}},
                {"dataId":"config.headerCode","dataValue":{"name":"头部统计代码","value":""},"dataSpec":{"id":"config.headerCode","type":"string"}},
                {"dataId":"config.footerCode","dataValue":{"name":"尾部统计代码","value":""},"dataSpec":{"id":"config.footerCode","type":"string"}},
                {"dataId":"config.tabCount","dataValue":{"name":"banner个数","value":"4"},"dataSpec":{"id":"config.tabCount","type":"string"}},
                {"dataId":"config.updateTime","dataValue":{"name":"数据更新周期(分)","value":"5"},"dataSpec":{"id":"config.updateTime","type":"string"}}
            ]},

        {"template":"pages/index_design_2016v2.html","name":"主页模版2016版本v2.0","description":"复杂的页面，可以作为首页","dataProcessor":"@pages/index_process.jsx","dependsOn":"header",
            "initData":[
                {"dataId":"config.levelNum","dataValue":{"name":"显示楼层","value":"1,2,3,4,5,6,7,D,K,W,P"},"dataSpec":{"id":"config.levelNum","type":"int"}},
                {"dataId":"config.showCategory","dataValue":{"name":"是否显示菜单","value":"T"},"dataSpec":{"id":"config.showCategory","type":"string"}},
                {"dataId":"config.title","dataValue":{"name":"网站标题","value":""},"dataSpec":{"id":"config.title","type":"string"}},
                {"dataId":"config.keywords","dataValue":{"name":"网站关键字","value":""},"dataSpec":{"id":"config.keywords","type":"string"}},
                {"dataId":"config.description","dataValue":{"name":"网站描述","value":""},"dataSpec":{"id":"config.description","type":"string"}},
                {"dataId":"config.headerCode","dataValue":{"name":"头部统计代码","value":""},"dataSpec":{"id":"config.headerCode","type":"string"}},
                {"dataId":"config.footerCode","dataValue":{"name":"尾部统计代码","value":""},"dataSpec":{"id":"config.footerCode","type":"string"}},
                {"dataId":"config.tabCount","dataValue":{"name":"banner个数","value":"4"},"dataSpec":{"id":"config.tabCount","type":"string"}},
                {"dataId":"config.icon","dataValue":{"name":"大促icon","value":"http://www.wushang.com/img/2015/img/yy/20151228LOGO.png"},"dataSpec":{"id":"config.icon","type":"string"}},
                {"dataId":"config.updateTime","dataValue":{"name":"数据更新周期(分)","value":"5"},"dataSpec":{"id":"config.updateTime","type":"string"}}
            ]},
        {"template":"pages/index_design_2017holiday_red.html","name":"主页模版2017版本","description":"复杂的页面，可以作为首页","dataProcessor":"@pages/index_process.jsx","dependsOn":"header",
            "initData":[
                {"dataId":"config.levelNum","dataValue":{"name":"显示楼层","value":"1,2,3,4,5,6,7,D,K,W,P"},"dataSpec":{"id":"config.levelNum","type":"int"}},
                {"dataId":"config.showCategory","dataValue":{"name":"是否显示菜单","value":"T"},"dataSpec":{"id":"config.showCategory","type":"string"}},
                {"dataId":"config.title","dataValue":{"name":"网站标题","value":""},"dataSpec":{"id":"config.title","type":"string"}},
                {"dataId":"config.keywords","dataValue":{"name":"网站关键字","value":""},"dataSpec":{"id":"config.keywords","type":"string"}},
                {"dataId":"config.description","dataValue":{"name":"网站描述","value":""},"dataSpec":{"id":"config.description","type":"string"}},
                {"dataId":"config.headerCode","dataValue":{"name":"头部统计代码","value":""},"dataSpec":{"id":"config.headerCode","type":"string"}},
                {"dataId":"config.footerCode","dataValue":{"name":"尾部统计代码","value":""},"dataSpec":{"id":"config.footerCode","type":"string"}},
                {"dataId":"config.tabCount","dataValue":{"name":"banner个数","value":"4"},"dataSpec":{"id":"config.tabCount","type":"string"}},
                {"dataId":"config.icon","dataValue":{"name":"大促icon","value":"http://www.wushang.com/img/2015/img/yy/20151228LOGO.png"},"dataSpec":{"id":"config.icon","type":"string"}},
                {"dataId":"config.updateTime","dataValue":{"name":"数据更新周期(分)","value":"5"},"dataSpec":{"id":"config.updateTime","type":"string"}}
            ]},
        {"template":"pages/index_design_2017.html","name":"主页模版2017","description":"复杂的页面，可以作为首页","dataProcessor":"@pages/index_process.jsx","dependsOn":"header",
            "initData":[
                {"dataId":"config.levelNum","dataValue":{"name":"显示楼层","value":"1,2,3,4,5,6,7,D,K,W,P"},"dataSpec":{"id":"config.levelNum","type":"int"}},
                {"dataId":"config.showCategory","dataValue":{"name":"是否显示菜单","value":"T"},"dataSpec":{"id":"config.showCategory","type":"string"}},
                {"dataId":"config.title","dataValue":{"name":"网站标题","value":""},"dataSpec":{"id":"config.title","type":"string"}},
                {"dataId":"config.keywords","dataValue":{"name":"网站关键字","value":""},"dataSpec":{"id":"config.keywords","type":"string"}},
                {"dataId":"config.description","dataValue":{"name":"网站描述","value":""},"dataSpec":{"id":"config.description","type":"string"}},
                {"dataId":"config.headerCode","dataValue":{"name":"头部统计代码","value":""},"dataSpec":{"id":"config.headerCode","type":"string"}},
                {"dataId":"config.footerCode","dataValue":{"name":"尾部统计代码","value":""},"dataSpec":{"id":"config.footerCode","type":"string"}},
                {"dataId":"config.tabCount","dataValue":{"name":"banner个数","value":"4"},"dataSpec":{"id":"config.tabCount","type":"string"}},
                {"dataId":"config.icon","dataValue":{"name":"大促icon","value":"http://www.wushang.com/img/2015/img/yy/20151228LOGO.png"},"dataSpec":{"id":"config.icon","type":"string"}},
                {"dataId":"config.pgstyle","dataValue":{"name":"页面色彩","value":"#e6243f,#d41934"},"dataSpec":{"id":"config.pgstyle","type":"string"}},
                {"dataId":"config.updateTime","dataValue":{"name":"数据更新周期(分)","value":"5"},"dataSpec":{"id":"config.updateTime","type":"string"}}
            ]},

        {"template":"pages/kjg_design2016.html","name":"跨境购","description":"复杂的页面，可以作为首页","dataProcessor":"@pages/index_process.jsx","dependsOn":"header",
            "initData":[
                {"dataId":"config.levelNum","dataValue":{"name":"显示楼层","value":"1,2,3,4,5,6,7"},"dataSpec":{"id":"config.levelNum","type":"int"}},
                {"dataId":"config.showCategory","dataValue":{"name":"是否显示菜单","value":"T"},"dataSpec":{"id":"config.showCategory","type":"string"}},
                {"dataId":"config.title","dataValue":{"name":"网站标题","value":""},"dataSpec":{"id":"config.title","type":"string"}},
                {"dataId":"config.keywords","dataValue":{"name":"网站关键字","value":""},"dataSpec":{"id":"config.keywords","type":"string"}},
                {"dataId":"config.description","dataValue":{"name":"网站描述","value":""},"dataSpec":{"id":"config.description","type":"string"}},
                {"dataId":"config.headerCode","dataValue":{"name":"头部统计代码","value":""},"dataSpec":{"id":"config.headerCode","type":"string"}},
                {"dataId":"config.footerCode","dataValue":{"name":"尾部统计代码","value":""},"dataSpec":{"id":"config.footerCode","type":"string"}},
                {"dataId":"config.tabCount","dataValue":{"name":"banner个数","value":"4"},"dataSpec":{"id":"config.tabCount","type":"string"}},
                {"dataId":"config.updateTime","dataValue":{"name":"数据更新周期(分)","value":"5"},"dataSpec":{"id":"config.updateTime","type":"string"}}
            ]},
        {"template":"pages/kjg_design2017.html","name":"跨境购","description":"复杂的页面，可以作为首页","dataProcessor":"@pages/index_process.jsx","dependsOn":"header",
            "initData":[
                {"dataId":"config.levelNum","dataValue":{"name":"显示楼层","value":"1,2,3,4,5,6,7"},"dataSpec":{"id":"config.levelNum","type":"int"}},
                {"dataId":"config.showCategory","dataValue":{"name":"是否显示菜单","value":"T"},"dataSpec":{"id":"config.showCategory","type":"string"}},
                {"dataId":"config.title","dataValue":{"name":"网站标题","value":""},"dataSpec":{"id":"config.title","type":"string"}},
                {"dataId":"config.keywords","dataValue":{"name":"网站关键字","value":""},"dataSpec":{"id":"config.keywords","type":"string"}},
                {"dataId":"config.description","dataValue":{"name":"网站描述","value":""},"dataSpec":{"id":"config.description","type":"string"}},
                {"dataId":"config.headerCode","dataValue":{"name":"头部统计代码","value":""},"dataSpec":{"id":"config.headerCode","type":"string"}},
                {"dataId":"config.footerCode","dataValue":{"name":"尾部统计代码","value":""},"dataSpec":{"id":"config.footerCode","type":"string"}},
                {"dataId":"config.tabCount","dataValue":{"name":"banner个数","value":"4"},"dataSpec":{"id":"config.tabCount","type":"string"}},
                {"dataId":"config.mainBg","dataValue":{"name":"主体背景色","value":"#FFF"},"dataSpec":{"id":"config.mainBg","type":"string"}},
                {"dataId":"config.updateTime","dataValue":{"name":"数据更新周期(分)","value":"5"},"dataSpec":{"id":"config.updateTime","type":"string"}}
            ]},
        {"template":"pages/channelmall_national.html","name":"跨境购国家馆","description":"跨境购国家馆","dataProcessor":"@pages/index_process.jsx","dependsOn":"header",
            "initData":[
                {"dataId":"config.levelNum","dataValue":{"name":"显示楼层","value":"1,2,3,4,5,6,7,8,9,B,N"},"dataSpec":{"id":"config.levelNum","type":"int"}},
                {"dataId":"config.showCategory","dataValue":{"name":"是否显示菜单","value":"F"},"dataSpec":{"id":"config.showCategory","type":"string"}},
                {"dataId":"config.title","dataValue":{"name":"网站标题","value":""},"dataSpec":{"id":"config.title","type":"string"}},
                {"dataId":"config.keywords","dataValue":{"name":"网站关键字","value":""},"dataSpec":{"id":"config.keywords","type":"string"}},
                {"dataId":"config.description","dataValue":{"name":"网站描述","value":""},"dataSpec":{"id":"config.description","type":"string"}},
                {"dataId":"config.updateTime","dataValue":{"name":"数据更新周期(分)","value":"5"},"dataSpec":{"id":"config.updateTime","type":"string"}},
                {"dataId":"config.dtnavBg","dataValue":{"name":"导航背景色","value":"#FFCC00"},"dataSpec":{"id":"config.dtnavBg","type":"string"}},
                {"dataId":"config.plicon","dataValue":{"name":"商品角标","value":"http://img1.wushang.com/img/2016/6/24/11713863.png"},"dataSpec":{"id":"config.plicon","type":"string"}},
                {"dataId":"config.plicon2","dataValue":{"name":"商品角标2","value":"http://img1.wushang.com/img/2016/6/24/11713863.png"},"dataSpec":{"id":"config.plicon2","type":"string"}},
                {"dataId":"config.mainBg","dataValue":{"name":"主体背景色","value":"#FFF"},"dataSpec":{"id":"config.mainBg","type":"string"}}
            ]},
        {"template":"pages/header_kjg_design.html","name":"跨境购页头模版","description":"跨境购页头模版","dataProcessor":"@pages/index_process.jsx","dependsOn":"header",
            "initData":[
                {"dataId":"config.levelNum","dataValue":{"name":"显示楼层","value":"1,2,3,4,5,6,7"},"dataSpec":{"id":"config.levelNum","type":"int"}},
                {"dataId":"config.showCategory","dataValue":{"name":"是否显示菜单","value":"F"},"dataSpec":{"id":"config.showCategory","type":"string"}},
                {"dataId":"config.title","dataValue":{"name":"网站标题","value":""},"dataSpec":{"id":"config.title","type":"string"}},
                {"dataId":"config.keywords","dataValue":{"name":"网站关键字","value":""},"dataSpec":{"id":"config.keywords","type":"string"}},
                {"dataId":"config.description","dataValue":{"name":"网站描述","value":""},"dataSpec":{"id":"config.description","type":"string"}},
                {"dataId":"config.updateTime","dataValue":{"name":"数据更新周期(分)","value":"5"},"dataSpec":{"id":"config.updateTime","type":"string"}}
            ]},
        {"template":"pages/header_design.html","name":"默认页头模版","description":"默认页头","dataProcessor":"@pages/index_process.jsx","dependsOn":"header",
            "initData":[
                {"dataId":"config.levelNum","dataValue":{"name":"显示楼层","value":"1,2,3,4,5,6,7"},"dataSpec":{"id":"config.levelNum","type":"int"}},
                {"dataId":"config.showCategory","dataValue":{"name":"是否显示菜单","value":"F"},"dataSpec":{"id":"config.showCategory","type":"string"}},
                {"dataId":"config.title","dataValue":{"name":"网站标题","value":""},"dataSpec":{"id":"config.title","type":"string"}},
                {"dataId":"config.keywords","dataValue":{"name":"网站关键字","value":""},"dataSpec":{"id":"config.keywords","type":"string"}},
                {"dataId":"config.description","dataValue":{"name":"网站描述","value":""},"dataSpec":{"id":"config.description","type":"string"}},
                {"dataId":"config.updateTime","dataValue":{"name":"数据更新周期(分)","value":"5"},"dataSpec":{"id":"config.updateTime","type":"string"}}
            ]},
		{"template":"pages/header_design_New.html","name":"默认页头模版新","description":"默认页头新","dataProcessor":"@pages/index_process.jsx","dependsOn":"header",
            "initData":[
                {"dataId":"config.levelNum","dataValue":{"name":"显示楼层","value":"1,2,3,4,5,6,7"},"dataSpec":{"id":"config.levelNum","type":"int"}},
                {"dataId":"config.showCategory","dataValue":{"name":"是否显示菜单","value":"F"},"dataSpec":{"id":"config.showCategory","type":"string"}},
                {"dataId":"config.title","dataValue":{"name":"网站标题","value":""},"dataSpec":{"id":"config.title","type":"string"}},
                {"dataId":"config.keywords","dataValue":{"name":"网站关键字","value":""},"dataSpec":{"id":"config.keywords","type":"string"}},
                {"dataId":"config.description","dataValue":{"name":"网站描述","value":""},"dataSpec":{"id":"config.description","type":"string"}},
                {"dataId":"config.updateTime","dataValue":{"name":"数据更新周期(分)","value":"5"},"dataSpec":{"id":"config.updateTime","type":"string"}}
            ]},

		{"template":"pages/header_Merchant.html","name":"默认商家页头","description":"默认商家页头","dataProcessor":"@pages/header_process.jsx","dependsOn":"header",
            "initData":[
                {"dataId":"config.levelNum","dataValue":{"name":"显示楼层","value":"1,2,3,4,5,6,7"},"dataSpec":{"id":"config.levelNum","type":"int"}},
                {"dataId":"config.showCategory","dataValue":{"name":"是否显示菜单","value":"F"},"dataSpec":{"id":"config.showCategory","type":"string"}},
                {"dataId":"config.title","dataValue":{"name":"网站标题","value":""},"dataSpec":{"id":"config.title","type":"string"}},
                {"dataId":"config.keywords","dataValue":{"name":"网站关键字","value":""},"dataSpec":{"id":"config.keywords","type":"string"}},
                {"dataId":"config.description","dataValue":{"name":"网站描述","value":""},"dataSpec":{"id":"config.description","type":"string"}},
                {"dataId":"config.updateTime","dataValue":{"name":"数据更新周期(分)","value":"5"},"dataSpec":{"id":"config.updateTime","type":"string"}}
            ]},
        {"template":"pages/header_Merchant2016.html","name":"默认商家页头","description":"默认商家页头","dataProcessor":"@pages/header_process.jsx","dependsOn":"header",
            "initData":[
                {"dataId":"config.levelNum","dataValue":{"name":"显示楼层","value":"1,2,3,4,5,6,7"},"dataSpec":{"id":"config.levelNum","type":"int"}},
                {"dataId":"config.showCategory","dataValue":{"name":"是否显示菜单","value":"F"},"dataSpec":{"id":"config.showCategory","type":"string"}},
                {"dataId":"config.title","dataValue":{"name":"网站标题","value":""},"dataSpec":{"id":"config.title","type":"string"}},
                {"dataId":"config.keywords","dataValue":{"name":"网站关键字","value":""},"dataSpec":{"id":"config.keywords","type":"string"}},
                {"dataId":"config.description","dataValue":{"name":"网站描述","value":""},"dataSpec":{"id":"config.description","type":"string"}},
                {"dataId":"config.updateTime","dataValue":{"name":"数据更新周期(分)","value":"5"},"dataSpec":{"id":"config.updateTime","type":"string"}}
            ]},
		{"template":"pages/header_Nsearch.html","name":"默认无搜索页头","description":"默认无搜索页头","dataProcessor":"@pages/header_process.jsx","dependsOn":"header",
            "initData":[
                {"dataId":"config.showCategory","dataValue":{"name":"是否显示菜单","value":"F"},"dataSpec":{"id":"config.showCategory","type":"string"}},
                {"dataId":"config.title","dataValue":{"name":"网站标题","value":""},"dataSpec":{"id":"config.title","type":"string"}},
                {"dataId":"config.keywords","dataValue":{"name":"网站关键字","value":""},"dataSpec":{"id":"config.keywords","type":"string"}},
                {"dataId":"config.description","dataValue":{"name":"网站描述","value":""},"dataSpec":{"id":"config.description","type":"string"}},
                {"dataId":"config.updateTime","dataValue":{"name":"数据更新周期(分)","value":"5"},"dataSpec":{"id":"config.updateTime","type":"string"}}
            ]},
        {"template":"pages/header_secondary_page.html","name":"二级频道页头","description":"二级频道页头","dataProcessor":"@pages/header_process.jsx","dependsOn":"header",
            "initData":[
                {"dataId":"config.levelNum","dataValue":{"name":"显示楼层","value":"1,2"},"dataSpec":{"id":"config.levelNum","type":"int"}},
                {"dataId":"config.title","dataValue":{"name":"网站标题","value":""},"dataSpec":{"id":"config.title","type":"string"}},
                {"dataId":"config.keywords","dataValue":{"name":"网站关键字","value":""},"dataSpec":{"id":"config.keywords","type":"string"}},
                {"dataId":"config.description","dataValue":{"name":"网站描述","value":""},"dataSpec":{"id":"config.description","type":"string"}},
                {"dataId":"config.updateTime","dataValue":{"name":"数据更新周期(分)","value":"5"},"dataSpec":{"id":"config.updateTime","type":"string"}}
            ]},
		{"template":"pages/header_shg.html","name":"超市页头","description":"超市页头","dataProcessor":"@pages/header_process.jsx","dependsOn":"header",
            "initData":[
                {"dataId":"config.levelNum","dataValue":{"name":"显示楼层","value":"1,2"},"dataSpec":{"id":"config.levelNum","type":"int"}},
                {"dataId":"config.showCategory","dataValue":{"name":"是否显示菜单","value":"F"},"dataSpec":{"id":"config.showCategory","type":"string"}},
                {"dataId":"config.title","dataValue":{"name":"网站标题","value":""},"dataSpec":{"id":"config.title","type":"string"}},
                {"dataId":"config.keywords","dataValue":{"name":"网站关键字","value":""},"dataSpec":{"id":"config.keywords","type":"string"}},
                {"dataId":"config.description","dataValue":{"name":"网站描述","value":""},"dataSpec":{"id":"config.description","type":"string"}},
                {"dataId":"config.updateTime","dataValue":{"name":"数据更新周期(分)","value":"5"},"dataSpec":{"id":"config.updateTime","type":"string"}}
            ]},
        {"template":"pages/headerTuan_design.html","name":"团购页头","description":"团购页头","dataProcessor":"@pages/index_process.jsx","dependsOn":"header",
            "initData":[
                {"dataId":"config.levelNum","dataValue":{"name":"显示楼层","value":"1,2"},"dataSpec":{"id":"config.levelNum","type":"int"}},
                {"dataId":"config.showCategory","dataValue":{"name":"是否显示菜单","value":"F"},"dataSpec":{"id":"config.showCategory","type":"string"}},
                {"dataId":"config.title","dataValue":{"name":"网站标题","value":""},"dataSpec":{"id":"config.title","type":"string"}},
                {"dataId":"config.keywords","dataValue":{"name":"网站关键字","value":""},"dataSpec":{"id":"config.keywords","type":"string"}},
                {"dataId":"config.description","dataValue":{"name":"网站描述","value":""},"dataSpec":{"id":"config.description","type":"string"}},
                {"dataId":"config.updateTime","dataValue":{"name":"数据更新周期(分)","value":"5"},"dataSpec":{"id":"config.updateTime","type":"string"}}
            ]},
        {"template":"pages/map_desing.html","name":"地图模板","description":"地图模板","dataProcessor":"@pages/index_process.jsx","dependsOn":"header"},
        {"template":"pages/tuan_design_201511.html","name":"武商惠","description":"武商惠","dataProcessor":"@pages/index_process.jsx","dependsOn":"header",
            "initData":[
                {"dataId":"config.levelNum","dataValue":{"name":"显示楼层","value":"1,2,3,4,5,6,7"},"dataSpec":{"id":"config.levelNum","type":"int"}},
                {"dataId":"config.showCategory","dataValue":{"name":"是否显示菜单","value":"F"},"dataSpec":{"id":"config.showCategory","type":"string"}},
                {"dataId":"config.title","dataValue":{"name":"网站标题","value":""},"dataSpec":{"id":"config.title","type":"string"}},
                {"dataId":"config.keywords","dataValue":{"name":"网站关键字","value":""},"dataSpec":{"id":"config.keywords","type":"string"}},
                {"dataId":"config.description","dataValue":{"name":"网站描述","value":""},"dataSpec":{"id":"config.description","type":"string"}},
                {"dataId":"config.updateTime","dataValue":{"name":"数据更新周期(分)","value":"5"},"dataSpec":{"id":"config.updateTime","type":"string"}}
            ]},
        {"template":"pages/wsfc_lf.html","name":"促db6无标题","description":"促db6无标题","dataProcessor":"@pages/index_process.jsx","dependsOn":"header",
            "initData":[
                {"dataId":"config.levelNum","dataValue":{"name":"显示楼层","value":"1,2,3,4,5,6,7,8,9"},"dataSpec":{"id":"config.levelNum","type":"int"}},
                {"dataId":"config.showCategory","dataValue":{"name":"是否显示菜单","value":"F"},"dataSpec":{"id":"config.showCategory","type":"string"}},
                {"dataId":"config.title","dataValue":{"name":"网站标题","value":""},"dataSpec":{"id":"config.title","type":"string"}},
                {"dataId":"config.keywords","dataValue":{"name":"网站关键字","value":""},"dataSpec":{"id":"config.keywords","type":"string"}},
                {"dataId":"config.description","dataValue":{"name":"网站描述","value":""},"dataSpec":{"id":"config.description","type":"string"}},
                {"dataId":"config.updateTime","dataValue":{"name":"数据更新周期(分)","value":"5"},"dataSpec":{"id":"config.updateTime","type":"string"}}
            ]},
        {"template":"pages/wslf.html","name":"武商量贩","description":"武商量贩","dataProcessor":"@pages/index_process.jsx","dependsOn":"header",
            "initData":[
                {"dataId":"config.levelNum","dataValue":{"name":"显示楼层","value":"1,2,3,4,5,6,7"},"dataSpec":{"id":"config.levelNum","type":"int"}},
                {"dataId":"config.showCategory","dataValue":{"name":"是否显示菜单","value":"F"},"dataSpec":{"id":"config.showCategory","type":"string"}},
                {"dataId":"config.title","dataValue":{"name":"网站标题","value":""},"dataSpec":{"id":"config.title","type":"string"}},
                {"dataId":"config.keywords","dataValue":{"name":"网站关键字","value":""},"dataSpec":{"id":"config.keywords","type":"string"}},
                {"dataId":"config.description","dataValue":{"name":"网站描述","value":""},"dataSpec":{"id":"config.description","type":"string"}},
                {"dataId":"config.updateTime","dataValue":{"name":"数据更新周期(分)","value":"5"},"dataSpec":{"id":"config.updateTime","type":"string"}}
            ]},
        {"template":"pages/brandStreet.html","name":"频道_品牌街模板","description":"频道_品牌街模板","dataProcessor":"@pages/index_process.jsx","dependsOn":"header",
            "initData":[
                {"dataId":"config.levelNum","dataValue":{"name":"显示楼层","value":"1,2,3,4,5,6,7"},"dataSpec":{"id":"config.levelNum","type":"int"}},
                {"dataId":"config.showCategory","dataValue":{"name":"是否显示菜单","value":"F"},"dataSpec":{"id":"config.showCategory","type":"string"}},
                {"dataId":"config.title","dataValue":{"name":"网站标题","value":""},"dataSpec":{"id":"config.title","type":"string"}},
                {"dataId":"config.keywords","dataValue":{"name":"网站关键字","value":""},"dataSpec":{"id":"config.keywords","type":"string"}},
                {"dataId":"config.description","dataValue":{"name":"网站描述","value":""},"dataSpec":{"id":"config.description","type":"string"}},
                {"dataId":"config.updateTime","dataValue":{"name":"数据更新周期(分)","value":"5"},"dataSpec":{"id":"config.updateTime","type":"string"}}
            ]},
        {"template":"pages/live_service.html","name":"生活服务","description":"生活服务","dataProcessor":"@pages/index_process.jsx","dependsOn":"header",
            "initData":[
                {"dataId":"config.levelNum","dataValue":{"name":"显示楼层","value":"A,B,1,2,3,4,5"},"dataSpec":{"id":"config.levelNum","type":"int"}},
                {"dataId":"config.showCategory","dataValue":{"name":"是否显示菜单","value":"T"},"dataSpec":{"id":"config.showCategory","type":"string"}},
                {"dataId":"config.title","dataValue":{"name":"网站标题","value":""},"dataSpec":{"id":"config.title","type":"string"}},
                {"dataId":"config.keywords","dataValue":{"name":"网站关键字","value":""},"dataSpec":{"id":"config.keywords","type":"string"}},
                {"dataId":"config.description","dataValue":{"name":"网站描述","value":""},"dataSpec":{"id":"config.description","type":"string"}},
                {"dataId":"config.updateTime","dataValue":{"name":"数据更新周期(分)","value":"5"},"dataSpec":{"id":"config.updateTime","type":"string"}}
            ]},
        {"template":"pages/channel_muying.html","name":"频道_母婴","description":"频道_母婴","dataProcessor":"@pages/index_process.jsx","dependsOn":"header",
            "initData":[
                {"dataId":"config.levelNum","dataValue":{"name":"显示楼层","value":"A,B,1,2,3,4,5,6,7,8,9"},"dataSpec":{"id":"config.levelNum","type":"int"}},
                {"dataId":"config.showCategory","dataValue":{"name":"是否显示菜单","value":"F"},"dataSpec":{"id":"config.showCategory","type":"string"}},
                {"dataId":"config.title","dataValue":{"name":"网站标题","value":""},"dataSpec":{"id":"config.title","type":"string"}},
                {"dataId":"config.keywords","dataValue":{"name":"网站关键字","value":""},"dataSpec":{"id":"config.keywords","type":"string"}},
                {"dataId":"config.description","dataValue":{"name":"网站描述","value":""},"dataSpec":{"id":"config.description","type":"string"}},
                {"dataId":"config.temname","dataValue":{"name":"模板名称","value":"muying"},"dataSpec":{"id":"config.temname","type":"string"}},
                {"dataId":"config.updateTime","dataValue":{"name":"数据更新周期(分)","value":"5"},"dataSpec":{"id":"config.updateTime","type":"string"}}
            ]},
        {"template":"pages/channel_jiadian_new.html","name":"频道_家电","description":"频道_家电","dataProcessor":"@pages/index_process.jsx","dependsOn":"header",
            "initData":[
                {"dataId":"config.levelNum","dataValue":{"name":"显示楼层","value":"A,B,1,2,3"},"dataSpec":{"id":"config.levelNum","type":"int"}},
                {"dataId":"config.showCategory","dataValue":{"name":"是否显示菜单","value":"T"},"dataSpec":{"id":"config.showCategory","type":"string"}},
                {"dataId":"config.title","dataValue":{"name":"网站标题","value":""},"dataSpec":{"id":"config.title","type":"string"}},
                {"dataId":"config.keywords","dataValue":{"name":"网站关键字","value":""},"dataSpec":{"id":"config.keywords","type":"string"}},
                {"dataId":"config.description","dataValue":{"name":"网站描述","value":""},"dataSpec":{"id":"config.description","type":"string"}},
                {"dataId":"config.updateTime","dataValue":{"name":"数据更新周期(分)","value":"5"},"dataSpec":{"id":"config.updateTime","type":"string"}}
            ]},
        {"template":"pages/channel_meizhuang_new.html","name":"频道_美妆","description":"频道_美妆","dataProcessor":"@pages/index_process.jsx","dependsOn":"header",
            "initData":[
                {"dataId":"config.levelNum","dataValue":{"name":"显示楼层","value":"1,2,3,4,5,6,7,8"},"dataSpec":{"id":"config.levelNum","type":"int"}},
                {"dataId":"config.showCategory","dataValue":{"name":"是否显示菜单","value":"F"},"dataSpec":{"id":"config.showCategory","type":"string"}},
                {"dataId":"config.title","dataValue":{"name":"网站标题","value":""},"dataSpec":{"id":"config.title","type":"string"}},
                {"dataId":"config.keywords","dataValue":{"name":"网站关键字","value":""},"dataSpec":{"id":"config.keywords","type":"string"}},
                {"dataId":"config.description","dataValue":{"name":"网站描述","value":""},"dataSpec":{"id":"config.description","type":"string"}},
                {"dataId":"config.temname","dataValue":{"name":"模板名称","value":"meizhuang"},"dataSpec":{"id":"config.temname","type":"string"}},
                {"dataId":"config.updateTime","dataValue":{"name":"数据更新周期(分)","value":"5"},"dataSpec":{"id":"config.updateTime","type":"string"}}
            ]},
        {"template":"pages/channel_B2B.html","name":"频道_B2B","description":"频道_B2B","dataProcessor":"@pages/index_process.jsx","dependsOn":"header",
            "initData":[
                {"dataId":"config.levelNum","dataValue":{"name":"显示楼层","value":"1,2,3,A,B"},"dataSpec":{"id":"config.levelNum","type":"int"}},
                {"dataId":"config.showCategory","dataValue":{"name":"是否显示菜单","value":"F"},"dataSpec":{"id":"config.showCategory","type":"string"}},
                {"dataId":"config.title","dataValue":{"name":"网站标题","value":""},"dataSpec":{"id":"config.title","type":"string"}},
                {"dataId":"config.keywords","dataValue":{"name":"网站关键字","value":""},"dataSpec":{"id":"config.keywords","type":"string"}},
                {"dataId":"config.description","dataValue":{"name":"网站描述","value":""},"dataSpec":{"id":"config.description","type":"string"}},
                {"dataId":"config.updateTime","dataValue":{"name":"数据更新周期(分)","value":"5"},"dataSpec":{"id":"config.updateTime","type":"string"}}
            ]},
        {"template":"pages/AppPage.html","name":"移动端下载页","description":"移动端下载页","dataProcessor":"@pages/index_process.jsx","dependsOn":"header",
            "initData":[
                {"dataId":"config.levelNum","dataValue":{"name":"显示楼层","value":"A"},"dataSpec":{"id":"config.levelNum","type":"int"}},
                {"dataId":"config.showCategory","dataValue":{"name":"是否显示菜单","value":"F"},"dataSpec":{"id":"config.showCategory","type":"string"}},
                {"dataId":"config.title","dataValue":{"name":"网站标题","value":""},"dataSpec":{"id":"config.title","type":"string"}},
                {"dataId":"config.keywords","dataValue":{"name":"网站关键字","value":""},"dataSpec":{"id":"config.keywords","type":"string"}},
                {"dataId":"config.description","dataValue":{"name":"网站描述","value":""},"dataSpec":{"id":"config.description","type":"string"}},
                {"dataId":"config.updateTime","dataValue":{"name":"数据更新周期(分)","value":"5"},"dataSpec":{"id":"config.updateTime","type":"string"}}
            ]},
        {"template":"pages/channel_fuzhuang_new.html","name":"频道_服装","description":"频道_服装","dataProcessor":"@pages/index_process.jsx","dependsOn":"header",
            "initData":[
                {"dataId":"config.levelNum","dataValue":{"name":"显示楼层","value":"D,1,2,3,4,5,6,7,8"},"dataSpec":{"id":"config.levelNum","type":"int"}},
                {"dataId":"config.showCategory","dataValue":{"name":"是否显示菜单","value":"F"},"dataSpec":{"id":"config.showCategory","type":"string"}},
                {"dataId":"config.title","dataValue":{"name":"网站标题","value":""},"dataSpec":{"id":"config.title","type":"string"}},
                {"dataId":"config.keywords","dataValue":{"name":"网站关键字","value":""},"dataSpec":{"id":"config.keywords","type":"string"}},
                {"dataId":"config.description","dataValue":{"name":"网站描述","value":""},"dataSpec":{"id":"config.description","type":"string"}},
                {"dataId":"config.updateTime","dataValue":{"name":"数据更新周期(分)","value":"5"},"dataSpec":{"id":"config.updateTime","type":"string"}}
            ]},
        {"template":"pages/channel_food.html","name":"食品酒水","description":"2017新版","dataProcessor":"@pages/index_process.jsx","dependsOn":"header",
            "initData":[
                {"dataId":"config.levelNum","dataValue":{"name":"显示楼层","value":"1,2,3,4,5,6,7"},"dataSpec":{"id":"config.levelNum","type":"int"}},
                {"dataId":"config.showCategory","dataValue":{"name":"是否显示菜单","value":"F"},"dataSpec":{"id":"config.showCategory","type":"string"}},
                {"dataId":"config.title","dataValue":{"name":"网站标题","value":""},"dataSpec":{"id":"config.title","type":"string"}},
                {"dataId":"config.keywords","dataValue":{"name":"网站关键字","value":""},"dataSpec":{"id":"config.keywords","type":"string"}},
                {"dataId":"config.description","dataValue":{"name":"网站描述","value":""},"dataSpec":{"id":"config.description","type":"string"}},
                {"dataId":"config.updateTime","dataValue":{"name":"数据更新周期(分)","value":"5"},"dataSpec":{"id":"config.updateTime","type":"string"}}
            ]},
		{"template":"pages/error.html","name":"404页面","description":"404页面。","dataProcessor":"@pages/index_process.jsx","dependsOn":"header",
            "initData":[
                {"dataId":"config.infoId","dataValue":{"name":"信息ID","value":""},"dataSpec":{"id":"config.infoId","type":"string"}},
                {"dataId":"config.showCategory","dataValue":{"name":"是否显示菜单","value":"F"},"dataSpec":{"id":"config.showCategory","type":"string"}},
                {"dataId":"config.title","dataValue":{"name":"网站标题","value":""},"dataSpec":{"id":"config.title","type":"string"}},
                {"dataId":"config.keywords","dataValue":{"name":"网站关键字","value":""},"dataSpec":{"id":"config.keywords","type":"string"}},
                {"dataId":"config.description","dataValue":{"name":"网站描述","value":""},"dataSpec":{"id":"config.description","type":"string"}},
                {"dataId":"config.updateTime","dataValue":{"name":"数据更新周期(分)","value":"5"},"dataSpec":{"id":"config.updateTime","type":"string"}}
            ]},
        {"template":"pages/merchantDetail.html","name":"商铺详情模板","description":"商铺详情模板","dataProcessor":"@pages/index_process.jsx","dependsOn":"header"},
        {"template":"pages/footer_design.html","name":"默认页脚模版","description":"默认页脚","dataProcessor":"@pages/index_process.jsx"},
        {"template":"pages/footer_kjg_design.html","name":"跨境购页脚模版","description":"跨境购页脚模版","dataProcessor":"@pages/index_process.jsx"},
        {"url":"/defaultHeaderTop.html","name":"默认顶通","pageId":"defaultHeaderTop","template":"pages/header_top.html","dataProcessor":"@pages/index_process.jsx","dependsOn":"header",
            "initData":[
                {"dataId":"config.topBannerH","dataValue":{"name":"顶通高度","value":"90"},"dataSpec":{"id":"config.topBannerH","type":"string"}}
            ]
        },
        {"url":"/defaultHeaderTop2.html","name":"默认顶通2","pageId":"defaultHeaderTop2","template":"pages/header_top2.html","dataProcessor":"@pages/index_process.jsx","dependsOn":"header",
            "initData":[
                {"dataId":"config.topBannerH","dataValue":{"name":"顶通高度","value":"90"},"dataSpec":{"id":"config.topBannerH","type":"string"}},
                {"dataId":"config.levelNum","dataValue":{"name":"显示楼层","value":"H,T"},"dataSpec":{"id":"config.levelNum","type":"int"}}
            ]
        }
    ],
    "rules":[{
        "id":"fullControl",
        "name":"完全控制",
        "pattern":".*"
    },{
        "id":"readOnly",
        "name":"查看权限",
        "pattern":"(pages/viewAppPrivilege/.*)|(pages/viewUserPrivilege/.*)|(pages/home.jsx)"
    }]

}